﻿{
  "$schema": "http://schema.management.azure.com/schemas/2015-01-01/deploymentParameters.json#",
  "contentVersion": "1.0.0.0",
  "parameters": {
    "WebsiteName": {
      "value": ""
    },
    "PartsUnlimitedServerName": {
      "value": ""
    },
    "PartsUnlimitedHostingPlanName": {
      "value": ""
    },
    "CdnStorageAccountName": {
      "value": ""
    },
    "CdnStorageContainerName": {
      "value": ""
    },
    "CdnStorageAccountNameForDev": {
      "value": ""
    },
    "CdnStorageContainerNameForDev": {
      "value": ""
    },
    "CdnStorageAccountNameForStaging": {
      "value": ""
    },
    "CdnStorageContainerNameForStaging": {
      "value": ""
    }
  }
}